Datum,BW,BY,BE,BB,HB,HH,HE,MV,NI,NW,RP,SL,SN,ST,SH,TH,Gesamt
,,,,,,,,,,,,,,,,,
,,,,,,,,,,,,,,,,,
,,,,,,,,,,,,,,,,,
,,,,,,,,,,,,,,,,,
,,,,,,,,,,,,,,,,,
Chinavolk,278,2.757,17.228,40.217,70.615,,80.134,80.859,81.018,81.354,82.058,83.005,83.597,83.817,83.912,83.964,84.010
Japan,1,4,20,26,59,,254,488,814,1.046,1.693,3.654,7.255,10.751,13.385,15.057,15.798
Japan,–,–,–,70,454,,706,696,712,712,712,712,712,712,712,712,712
Sdkorea,1,4,15,27,30,,4.212,7.382,8.236,8.897,9.583,10.284,10.537,10.674,10.738,10.801,10.909
Mongolei,–,–,–,–,–,,–,–,1,10,12,14,16,32,38,39,42
ChinaTaiwan,–,4,10,18,20,,40,45,59,153,283,363,388,420,429,436,440
,,,,,,,,,,,,,,,,,
Afghanistan,–,–,–,–,–,,1,4,16,24,114,337,607,996,1.531,2.469,4.664
Bangladesch,–,–,–,–,–,,–,3,5,24,48,88,621,2.456,5.416,9.455,14.657
Bhutan,–,–,–,–,–,,–,1,1,2,3,5,5,5,7,7,9
Indien,–,–,3,3,3,,3,43,114,283,979,4.067,9.152,17.265,27.892,42.533,67.152
Malediven,–,–,–,–,–,,–,4,13,13,16,19,20,51,188,527,835
Nepal,–,1,1,1,1,,1,1,1,1,5,9,12,31,51,75,120
Pakistan,–,–,–,–,–,,4,6,52,495,1.526,3.277,5.374,8.418,13.328,20.084,30.941
SriLanka,–,–,1,1,1,,1,1,19,72,106,176,210,271,523,718,863
,,,,,,,,,,,,,,,,,
Brunei,–,–,–,–,–,,–,1,50,83,120,135,136,138,138,138,141
Indonesien,–,–,–,–,–,,2,6,117,450,1.155,2.273,4.241,6.575,8.882,11.192,14.032
Kambodscha,–,–,1,1,1,,1,2,12,53,102,114,122,122,122,122,122
Laos,–,–,–,–,–,,–,–,–,–,–,–,–,19,19,19,19
Malaysia,–,4,8,18,22,,24,93,553,1.183,2.320,3.662,4.683,5.389,5.780,6.298,6.656
Myanmar,–,–,–,–,–,,–,–,–,–,8,21,41,111,146,155,180
Osttimor,–,–,–,–,–,,–,–,–,1,1,1,5,19,24,24,24
Philippinen,–,–,2,3,3,,3,10,140,307,1.075,3.246,4.648,6.259,7.579,9.223,10.794
Singapur,1,4,18,43,75,,106,150,243,438,802,1.309,2.532,6.588,13.624,18.205,23.336
Thailand,2,5,19,32,35,,42,50,114,411,1.388,2.169,2.579,2.792,2.931,2.987,3.009
Vietnam,2,2,8,14,16,,16,30,57,94,179,241,262,268,270,271,288
,,,,,,,,,,,,,,,,,
Kasachstan,–,–,–,–,–,,–,–,6,56,265,604,979,1.546,2.791,3.988,5.138
Kirgisistan,–,–,–,–,–,,–,–,–,14,84,216,419,568,695,830,1.016
Tadschikistan,–,–,–,–,–,,–,–,–,–,–,–,–,–,–,128,612
Usbekistan,–,–,–,–,–,,–,–,4,33,133,350,896,1.565,1.887,2.160,2.411
,,,,,,,,,,,,,,,,,
Armenien,–,–,–,–,–,,1,1,26,160,424,746,1.039,1.291,1.808,2.507,3.392
Aserbaidschan,–,–,–,–,–,,3,9,19,53,164,584,1.098,1.398,1.645,1.932,2.519
Bahrain,–,–,–,–,–,,47,79,221,306,476,700,1.136,1.881,2.647,3.356,4.941
Georgien,–,–,–,–,–,,3,13,33,49,90,188,266,399,496,593,638
Irak,–,–,–,–,–,,19,60,124,214,506,961,1.352,1.539,1.820,2.219,2.767
Iran,–,–,–,–,–,,978,6.566,14.991,20.610,35.408,58.226,71.686,82.211,90.481,97.424,107.603
Israel,–,–,–,–,–,,7,39,200,883,3.865,8.018,10.878,13.362,15.398,16.152,16.492
Jemen,–,–,–,–,–,,–,–,–,–,–,–,–,1,1,10,53
Jordanien,–,–,–,–,–,,–,1,6,84,246,345,389,417,447,461,540
Katar,–,–,–,–,–,,3,15,401,470,590,1.604,2.979,5.448,10.287,15.551,22.520
Kuwait,–,–,–,–,–,,56,64,112,176,235,556,1.234,1.915,3.075,4.983,8.688
Libanon,–,–,–,–,–,,10,32,99,206,412,527,630,673,707,737,845
Oman,–,–,–,–,–,,6,16,22,52,167,331,727,1.410,2.049,2.568,3.574
Palstina,–,–,–,–,–,,–,19,38,52,104,246,271,324,342,353,547
SaudiArabien,–,–,–,–,–,,–,15,103,392,1.203,2.463,4.462,9.362,17.522,27.011,39.048
Syrien,–,–,–,–,–,,–,–,–,1,5,19,25,39,42,44,47
Trkei,–,–,–,–,–,,–,–,5,974,7.402,27.069,56.956,86.306,110.130,126.045,138.657
VereinigteArabischeEmirate,–,–,5,7,9,,21,45,98,153,468,1.799,4.123,6.781,10.349,14.163,18.198
,,,,,,,,,,,,,,,,,
Australien,–,4,12,15,15,,27,77,298,1.081,3.966,5.744,6.322,6.612,6.713,6.801,6.941
Fidschi,–,–,–,–,–,,–,–,–,2,5,12,16,17,18,18,18
Polynesien,–,–,–,–,–,,–,–,3,15,34,41,53,55,57,58,60
Guam,–,–,–,–,–,,–,–,–,15,56,112,133,133,137,146,147
Neukaledonien,–,–,–,–,–,,–,–,–,4,15,18,18,18,18,18,18
Neuseeland,–,–,–,–,–,,1,5,6,66,476,911,1.064,1.105,1.122,1.137,1.147
NrdlicheMarianen,–,–,–,–,–,,–,–,–,–,–,–,11,14,14,14,16
PapuaNeuguinea,–,–,–,–,–,,–,–,–,1,1,1,2,7,8,8,8
,,,,,,,,,,,,,,,,,
Jungferna,–,–,–,–,–,,–,–,–,6,17,42,51,53,55,66,69
Anguilla,–,–,–,–,–,,–,–,–,–,2,3,3,3,3,3,3
AntiguaundBarbuda,–,–,–,–,–,,–,–,1,1,7,7,21,23,24,25,25
Argentinien,–,–,–,–,–,,–,12,56,158,690,1.451,1.975,2.839,3.838,4.681,5.924
Aruba,–,–,–,–,–,,–,–,–,5,46,64,92,97,100,100,101
Bahamas,–,–,–,–,–,,–,–,–,4,*,28,42,58,78,82,92
Barbados,–,–,–,–,–,,–,–,–,5,24,51,68,75,79,81,84
Belize,–,–,–,–,–,,–,–,–,–,2,5,13,18,18,18,18
Bermuda,–,–,–,–,–,,–,–,–,–,–,–,50,86,109,115,118
Bonaire,–,–,–,–,–,,–,–,–,–,–,2,3,5,5,6,6
Bolivien,–,–,–,–,–,,–,–,11,19,74,157,300,520,866,1.470,2.437
Brasilien,–,–,–,–,–,,2,25,200,904,3.417,10.278,20.727,36.599,58.509,96.559,155.939
Jungferb,–,–,–,–,–,,–,–,–,–,2,3,3,4,6,6,7
CaymanIslands,–,–,–,–,–,,–,–,–,3,8,35,53,61,70,74,81
Chile,–,–,–,–,–,,–,10,75,434,1.909,4.471,7.213,10.888,13.331,19.663,28.866
CostaRica,–,–,–,–,–,,–,9,23,113,266,435,577,655,693,733,780
Curaao,–,–,–,–,–,,–,–,2,3,7,11,14,14,14,16,16
Dominica,–,–,–,–,–,,–,–,–,–,–,–,16,16,16,16,16
DominikanischeRepublik,–,–,–,–,–,,–,1,5,72,581,1.488,2.967,4.680,6.135,7.954,10.347
Ecuador,–,–,–,–,–,,1,15,37,506,1.823,3.465,7.466,9.468,22.719,29.538,29.559
ElSalvador,–,–,–,–,–,,–,–,–,1,19,62,125,201,298,490,889
Falklandinseln,–,–,–,–,–,,–,–,–,–,–,–,5,11,13,13,13
Guayanaf,–,–,–,–,–,,–,5,7,15,31,66,86,96,109,128,144
Grenada,–,–,–,–,–,,–,–,–,–,7,12,14,15,18,21,21
Guadeloupe,–,–,–,–,–,,–,–,6,51,96,134,143,148,149,152,154
Guatemala,–,–,–,–,–,,–,–,1,1,1,62,153,257,473,688,967
Guyana,–,–,–,–,–,,–,–,4,5,5,24,37,63,74,82,97
Haiti,–,–,–,–,–,,–,–,–,2,8,21,31,44,72,85,151
Honduras,–,–,–,–,–,,–,–,2,24,67,268,393,472,627,1.010,1.830
Jamaika,–,–,–,–,–,,–,–,10,16,30,55,69,173,305,463,498
Kanada,–,1,4,7,7,,19,62,304,1.384,4.757,13.904,23.702,33.909,45.778,59.365,67.996
Kolumbien,–,–,–,–,–,,–,1,24,196,539,1.406,2709,3.621,5.142,7.285,10.495
Kuba,–,–,–,–,–,,–,–,4,16,119,320,669,1.035,1.369,1.649,1.766
StLucia,–,–,–,–,–,,–,–,–,–,–,–,15,15,15,17,18
Martinique,–,–,–,–,–,,–,2,15,32,93,145,156,163,175,181,187
Mexiko,–,–,–,–,–,,5,7,53,164,717,1.890,4.219,7.497,13.842,22.088,33.460
Montserrat,–,–,–,–,–,,–,–,–,1,5,6,9,11,11,11,11
Nicaragua,–,–,–,–,–,,–,–,–,2,4,5,9,9,13,14,16
Panama,–,–,–,–,–,,–,–,43,137,786,1.801,3.234,4.273,5.538,7.090,8.282
Paraguay,–,–,–,–,–,,–,1,8,18,56,104,134,206,228,370,713
Peru,–,–,–,–,–,,–,6,71,318,635,1.746,6.848,14.420,25.331,42.534,65.015
SaintPierreundMiquelon,–,–,–,–,–,,–,–,–,–,–,–,1,1,1,1,1
PuertoRico,–,–,–,–,–,,–,–,3,21,64,452,897,1.213,1.371,1.808,2.198
SaintBarthlemy,–,–,–,–,–,,–,1,3,3,5,6,6,6,6,6,6
StKittsundNevis,–,–,–,–,–,,–,–,–,–,2,9,12,14,15,15,15
SaintMartin,–,–,–,–,–,,–,2,2,4,6,29,33,37,38,38,39
SintMaarten,–,–,–,–,–,,–,–,–,1,3,23,50,64,74,76,77
Suriname,–,–,–,–,–,,–,–,1,2,8,10,10,10,10,10,10
TrinidadundTobago,–,–,–,–,–,,–,–,2,9,74,103,112,114,115,116,116
TurksundCaicosinseln,–,–,–,–,–,,–,–,–,–,–,–,9,11,11,13,12
Uruguay,–,–,–,–,–,,–,–,4,94,274,400,501,517,596,652,702
Venezuela,–,–,–,–,–,,–,–,2,36,113,144,171,228,323,345,402
VereinigteStaaten,–,5,11,12,15,,62,213,1.678,15.219,103.321,307.318,524.514,723.605,931.698,1.125.719,1.271.645
StVincentunddieGrenadinen,–,–,–,–,–,,–,–,–,1,1,3,12,12,14,16,17
,,,,,,,,,,,,,,,,,
Albanien,–,–,–,–,–,,–,2,42,76,212,377,446,562,726,795,868
Andorra,–,–,–,–,–,,–,1,2,88,312,523,639,717,740,749,756
Belgien,–,–,–,1,1,,1,200,1.085,2.815,10.836,19.691,29.647,38.496,46.134,49.906,53.081
BosnienundHerzegowina,–,–,–,–,–,,–,2,18,92,269,662,1.007,1.286,1.516,1.857,2.098
Bulgarien,–,–,–,–,–,,–,4,51,163,331,531,675,915,1.300,1.618,1.965
Dnemark,–,–,–,–,–,,4,36,898,1.326,2.201,4.369,6.174,7.384,8.575,9.523,10.429
Deutschland,–,–,10,14,16,,129,1.112,4.838,21.463,52.547,95.391,123.016,141.672,155.193,163.175,169.575
Estland,–,–,–,–,–,,1,10,205,306,640,1.097,1.309,1.528,1.643,1.700,1.739
Frer,–,–,–,–,–,,–,3,11,92,155,181,184,185,187,187,187
Finnland,–,–,1,1,1,,6,30,521,1.218,1.218,1.927,2.974,3.783,4.576,5.254,5.962
Frankreich,–,3,6,11,12,,100,1.116,5.380,14.296,37.145,69.607,94.382,111.463,123.279,129.708,137.073
Gibraltar,–,–,–,–,–,,–,1,1,10,56,103,129,133,141,144,146
Griechenland,–,–,–,–,–,,7,73,331,530,1.061,1.735,2.114,2.235,2.506,2.626,2.716
Grnland,–,–,–,–,–,,–,–,–,2,10,11,11,11,11,11,11
Guernsey,–,–,–,–,–,,–,–,1,1,39,154,209,239,245,252,252
Irland,–,–,–,–,–,,1,21,169,784,2.415,5.111,9.655,15.251,19.262,21.506,22.996
Island,–,–,–,–,–,,1,55,138,473,963,1.486,1.701,1.771,1.792,1.799,1.801
IsleofMan,–,–,–,–,–,,–,–,–,2,32,127,226,297,308,320,330
Italien,–,–,2,3,3,,1.689,7.375,24.747,53.578,92.472,128.948,156.363,178.972,197.675,210.717,219.070
Jersey,–,–,–,–,–,,–,–,2,12,61,155,198,245,280,291,293
Kosovo,–,–,–,–,–,,–,–,–,–,91,145,362,535,763,851,870
Kroatien,–,–,–,–,–,,7,11,49,206,657,1.182,1.600,1.871,2.030,2.096,2.187
Lettland,–,–,–,–,–,,–,3,31,124,305,533,651,727,812,879,939
Liechtenstein,–,–,–,–,–,,–,1,7,36,61,78,80,82,83,83,83
Litauen,–,–,–,–,–,,1,1,14,105,394,811,1.062,1.326,1.449,1.410,1.479
Luxemburg,–,–,–,–,–,,1,2,38,670,1.831,2.804,3.281,3.550,3.723,3.824,3.886
Malta,–,–,–,–,–,,–,3,21,73,139,234,378,427,448,477,496
RepublikMoldau,–,–,–,–,–,,–,1,23,80,231,864,1.662,2.472,3.408,4.121,4.927
Monaco,–,–,–,–,–,,1,1,9,18,19,37,54,98,68,95,96
Montenegro,–,–,–,–,–,,–,–,6,14,82,203,267,308,321,322,325
Niederland,–,–,–,–,–,,13,265,1.135,3.632,9.762,17.851,25.587,32.655,37.845,40.571,42.627
Nordmazedonien,–,–,–,–,–,,1,3,13,85,241,555,828,1.207,1.386,1.511,1.642
Norwegen,–,–,–,–,–,,19,169,1.077,1.926,3.845,5.640,6.415,7.068,7.505,7.809,8.099
oesterre,–,–,–,–,–,,10,112,959,3.024,8.291,11.983,13.937,14.710,15.189,15.597,15.787
Polen,–,–,–,–,–,,–,11,150,536,1.638,4.102,6.674,9.287,11.617,13.693,15.996
Portugal,–,–,–,–,–,,–,30,245,1.280,5.170,11.278,16.585,20.206,23.864,25.282,27.581
Rumnien,–,–,–,–,–,,3,15,158,367,1.452,3.864,6.300,8.746,11.036,13.163,15.362
Russland,–,–,2,2,2,,2,7,63,306,1.534,5.389,18.328,42.853,87.147,145.268,221.344
SanMarino,–,–,–,–,–,,1,37,92,151,228,266,356,461,538,582,637
Schweden,–,–,1,1,1,,14,203,992,1.746,3.447,6.830,10.483,14.385,18.640,22.317,26.322
Schweiz,–,–,–,–,–,,24,332,2.200,6.077,13.152,21.065,25.220,27.658,28.978,29.822,30.222
Serbien,–,–,–,–,–,,–,1,41,173,659,1.908,3.630,6.318,8.042,9.464,10.114
Slowakei,–,–,–,–,–,,–,5,61,178,295,485,742,1.161,1.379,1.408,1.457
Slowenien,–,–,–,–,–,,–,16,219,381,691,997,1.205,1.330,1.407,1.439,1.457
Spanien,–,–,1,2,2,,45,589,7.753,24.926,72.248,130.759,166.019,195.944,207.634,217.466,224.390
Tschechien,–,–,–,–,–,,3,32,298,995,2.663,4.587,5.991,6.787,7.404,7.781,8.123
Ukraine,–,–,–,–,–,,–,1,3,47,418,1.319,3.102,5.710,9.009,12.331,15.648
Ungarn,–,–,–,–,–,,–,9,39,131,408,744,1.458,1.984,2.583,3.035,3.284
Vatikanstadt,–,–,–,–,–,,–,1,1,1,4,7,8,8,9,11,12
VereinigtesKnigreich,–,–,2,4,9,,36,277,1.395,5.018,17.093,47.810,84.283,120.071,152.844,186.603,219.187
Weissrussl,–,–,–,–,–,,1,6,36,76,94,562,2.578,4.779,10.463,17.489,23.906
zypernrep,–,–,–,–,–,,–,–,21,84,179,446,633,767,817,872,898
,,,,,,,,,,,,,,,,,
agypten,–,–,–,–,1,,2,55,126,285,576,1.173,2.065,3.144,4.534,6.465,9.400
Angola,–,–,–,–,–,,–,–,–,2,2,14,19,19,26,35,45
Aquatorialguinea,–,–,–,–,–,,–,–,1,6,6,16,18,79,258,315,439
athiopien,–,–,–,–,–,,–,–,1,9,16,43,71,108,123,135,239
Algerien,–,–,–,–,–,,1,20,49,94,409,1.251,1.914,2.629,3.382,4.474,5.723
Benin,–,–,–,–,–,,–,–,–,2,6,22,35,37,64,90,319
Botswana,–,–,–,–,–,,–,–,–,–,–,–,13,20,22,23,23
BurkinaFaso,–,–,–,–,–,,–,–,3,72,146,302,443,565,632,662,751
Burundi,–,–,–,–,–,,–,–,–,–,–,–,5,6,15,19,19
Dschibuti,–,–,–,–,–,,–,–,–,–,–,59,215,846,1.023,1.112,1.210
Elfenbeinkste,–,–,–,–,–,,–,–,3,9,140,245,533,847,1.150,1.398,1.700
Eritrea,–,–,–,–,–,,–,–,–,1,6,29,34,39,39,39,39
Eswatini,–,–,–,–,–,,–,–,–,1,9,9,14,22,59,112,172
Gabun,–,–,–,–,–,,–,–,1,3,7,21,57,109,176,335,661
Gambia,–,–,–,–,–,,–,–,–,1,3,4,9,9,10,17,20
Ghana,–,–,–,–,–,,–,–,6,19,137,205,566,1.042,1.550,2.169,4.263
Guinea,–,–,–,–,–,,–,–,–,2,8,111,250,477,1.094,1.650,2.146
GuineaBissau,–,–,–,–,–,,–,–,–,–,–,–,39,50,53,292,642
Kamerun,–,–,–,–,–,,–,2,3,27,91,555,803,1.016,1.621,2.077,2.579
KapVerde,–,–,–,–,–,,–,–,–,3,5,5,7,55,106,165,246
Kenia,–,–,–,–,–,,–,–,1,7,25,142,197,270,355,466,672
Komoren,–,–,–,–,–,,–,–,–,–,–,–,–,–,–,3,11
KongoDR,–,–,–,–,–,,–,–,2,23,68,161,235,332,459,682,1.024
Kongorep,–,–,–,–,–,,–,–,1,4,19,45,70,143,200,229,287
Lesotho,–,–,–,–,–,,–,–,–,–,–,–,–,–,–,–,–
Liberia,–,–,–,–,–,,–,–,–,3,3,13,50,91,124,158,204
Libyen,–,–,–,–,–,,–,–,–,1,18,25,50,51,61,63,64
Madagaskar,–,–,–,–,–,,–,–,–,3,26,77,106,121,128,151,169
Malawi,–,–,–,–,–,,–,–,–,–,–,–,13,17,34,39,56
Mali,–,–,–,–,–,,–,–,–,–,–,–,87,224,389,563,704
Marokko,–,–,–,–,–,,–,2,28,86,437,1.113,1.661,2.855,4.065,4.903,6.063
Mauretanien,–,–,–,–,–,,–,–,1,2,5,6,7,7,7,8,8
Mauritius,–,–,–,–,–,,–,–,–,12,102,227,324,328,332,332,332
Mayotte,–,–,–,–,–,,–,–,1,11,50,147,207,284,401,650,1.023
Mosambik,–,–,–,–,–,,–,–,–,–,8,10,20,35,76,80,91
Namibia,–,–,–,–,–,,–,–,2,3,8,16,16,16,16,16,16
Niger,–,–,–,–,–,,–,–,–,1,10,144,529,648,696,750,821
Nigeria,–,–,–,–,–,,1,2,2,22,65,208,323,541,1.273,2.388,4.399
Runion,–,–,–,–,–,,–,–,9,47,143,344,379,408,417,423,436
Ruanda,–,–,–,–,–,,–,–,5,17,60,102,126,147,191,259,284
Sambia,–,–,–,–,–,,–,–,–,2,16,39,43,61,88,124,267
SoTomundPrncipe,–,–,–,–,–,,–,–,–,–,–,–,4,4,8,23,165
Senegal,–,–,–,–,–,,–,4,26,56,119,222,280,367,671,1.273,1.709
Seychellen,–,–,–,–,–,,–,–,2,7,7,10,11,11,11,11,11
SierraLeone,–,–,–,–,–,,–,–,–,–,–,–,10,35,93,157,307
Simbabwe,–,–,–,–,–,,–,–,–,2,5,9,14,25,31,34,36
Somalia,–,–,–,–,–,,–,–,–,1,3,7,25,164,436,722,1.054
Sdafrika,–,–,–,–,–,,–,3,51,240,1.187,1.655,2.173,3.158,4.546,6.783,10.015
Sudan,–,–,–,–,–,,–,–,1,2,5,12,19,92,237,592,1.365
Sdsudan,–,–,–,–,–,,–,–,–,–,–,1,4,4,6,46,156
Tansania,–,–,–,–,–,,–,–,–,6,14,22,32,171,300,480,509
Togo,–,–,–,–,–,,–,1,1,15,28,44,76,83,98,124,173
Tschad,–,–,–,–,–,,–,–,–,1,5,9,18,33,46,117,322
Tunesien,–,–,–,–,–,,–,2,18,60,278,574,707,866,949,1.009,1.032
Uganda,–,–,–,–,–,,–,–,–,1,14,48,54,55,75,88,121
ZentralafrikanischeRepublik,–,–,–,–,–,,–,–,1,3,6,9,11,12,19,72,179
,,,,,,,,,,,,,,,,,
,,,,,,,,,,,,,,,,,
,,,,,,,,,,,,,,,,,
,,,,,,,,,,,,,,,,,
,,,,,,,,,,,,,,,,,
,,,,,,,,,,,,,,,,,
,,,,,,,,,,,,,,,,,
,,,,,,,,,,,,,,,,,
,,,,,,,,,,,,,,,,,
,,,,,,,,,,,,,,,,,
Chinavolk,6,80,361,909,1.771,,2.914,3.122,3.218,3.274,3.314,3.340,3.351,4.636,4.637,4.637,4.637
Japan,–,–,–,–,1,,6,7,24,41,56,73,102,171,351,510,621
Japan,–,–,–,–,–,,6,7,7,7,7,7,7,7,13,13,13
Sdkorea,–,–,–,–,–,,22,51,75,111,126,186,217,236,243,252,256
Mongolei,–,–,–,–,–,,–,–,–,–,–,–,–,–,–,–,–
ChinaTaiwan,–,–,–,–,1,,1,1,1,2,5,5,6,6,6,6,6
,,,,,,,,,,,,,,,,,
Afghanistan,–,–,–,–,–,,–,–,–,1,4,7,19,33,50,72,120
Bangladesch,–,–,–,–,–,,–,–,–,2,5,8,34,91,145,177,228
Indien,–,–,–,–,–,,–,–,2,7,29,109,308,543,872,1.373,2.206
Malediven,–,–,–,–,–,,–,–,–,–,–,–,–,–,–,1,3
Nepal,–,–,–,–,–,,–,–,–,–,–,–,–,–,–,–,–
Pakistan,–,–,–,–,–,,–,–,–,5,25,50,93,176,281,457,667
SriLanka,–,–,–,–,–,,–,–,–,–,–,5,7,7,7,7,9
,,,,,,,,,,,,,,,,,
Brunei,–,–,–,–,–,,–,–,–,–,–,1,1,1,1,1,1
Indonesien,–,–,–,–,–,,–,–,5,48,122,198,373,582,743,845,973
Kambodscha,–,–,–,–,–,,–,–,–,–,–,–,1,0,0,0,0
Malaysia,–,–,–,–,–,,–,–,–,–,–,61,76,89,98,105,108
Myanmar,–,–,–,–,–,,–,–,–,–,–,1,4,5,5,6,6
Philippinen,–,–,1,1,1,,1,1,12,25,78,152,297,409,501,607,719
Singapur,–,–,–,–,–,,–,–,–,–,–,6,8,11,12,18,20
Thailand,–,–,–,–,–,,1,1,1,1,9,23,40,47,52,54,56
,,,,,,,,,,,,,,,,,
Kasachstan,–,–,–,–,–,,–,–,–,–,–,5,12,17,25,27,31
Kirgisistan,–,–,–,–,–,,–,–,–,–,–,4,5,7,8,10,12
Tadschikistan,–,–,–,–,–,,–,–,–,–,–,–,–,–,–,4,20
Usbekistan,–,–,–,–,–,,–,–,–,–,–,2,4,5,8,10,10
,,,,,,,,,,,,,,,,,
Armenien,–,–,–,–,–,,–,–,–,–,–,4,14,20,29,39,45
Aserbaidschan,–,–,–,–,–,,–,–,–,1,4,5,11,19,21,25,32
Bahrain,–,–,–,–,–,,–,–,1,2,4,4,6,7,8,8,8
Georgien,–,–,–,–,–,,–,–,–,–,–,2,3,4,6,9,10
Iran,–,–,–,–,–,,54,194,853,1.685,2.757,3.603,4.474,5.118,5.710,6.203,6.640
Irak,–,–,–,–,–,,–,6,9,20,46,61,76,82,87,95,109
Israel,–,–,–,–,–,,–,–,–,1,17,46,103,171,199,227,254
Jemen,–,–,–,–,–,,–,–,–,–,–,–,–,–,–,2,9
Jordanien,–,–,–,–,–,,–,–,–,–,–,5,7,7,7,9,9
Libanon,–,–,–,–,–,,–,–,3,4,11,18,20,21,24,25,26
Katar,–,–,–,–,–,,–,–,–,–,–,4,7,8,10,12,14
Kuwait,–,–,–,–,–,,–,–,–,–,–,1,1,7,20,38,58
Oman,–,–,–,–,–,,–,–,–,–,–,2,4,7,10,12,17
Palstina,–,–,–,–,–,,–,–,–,–,1,1,2,2,2,2,4
SaudiArabien,–,–,–,–,–,,–,–,–,–,8,34,59,97,139,184,246
Syrien,–,–,–,–,–,,–,–,–,–,–,2,2,3,3,3,3
Trkei,–,–,–,–,–,,–,–,–,30,168,574,1.198,2.017,2.805,3.397,3.786
VereinigteArabischeEmirate,–,–,–,–,–,,–,–,–,2,5,10,22,41,76,126,198
,,,,,,,,,,,,,,,,,
Australien,–,–,–,–,–,,1,3,5,7,18,36,61,70,83,95,97
Guam,–,–,–,–,–,,–,–,–,1,4,5,5,5,5,5,5
Neuseeland,–,–,–,–,–,,–,–,–,–,–,1,5,12,19,20,21
NrdlicheMarianen,–,–,–,–,–,,–,–,–,–,–,–,2,2,2,2,2
,,,,,,,,,,,,,,,,,
Jungferna,–,–,–,–,–,,–,–,–,–,–,–,1,3,3,4,4
Argentinien,–,–,–,–,–,,–,1,2,4,20,44,82,132,179,241,300
Aruba,–,–,–,–,–,,–,–,–,–,–,–,–,2,2,2,3
AntiguaundBarbuda,–,–,–,–,–,,–,–,–,–,–,–,2,3,3,3,3
Bahamas,–,–,–,–,–,,–,–,–,–,–,4,8,9,11,11,11
Barbados,–,–,–,–,–,,–,–,–,–,–,–,4,5,6,7,7
Belize,–,–,–,–,–,,–,–,–,–,–,–,2,2,2,2,2
Bermuda,–,–,–,–,–,,–,–,–,–,–,*,4,5,5,7,7
Bolivien,–,–,–,–,–,,–,–,–,–,–,10,24,32,46,71,114
Brasilien,–,–,–,–,–,,–,–,–,–,–,432,1.124,2.347,4.016,6.750,10.627
Jungferb,–,–,–,–,–,,–,–,–,–,–,–,–,1,1,1,1
CaymanIslands,–,–,–,–,–,,–,–,–,1,1,1,1,1,1,1,1
Chile,–,–,–,–,–,,–,–,–,1,8,34,80,133,189,260,312
CostaRica,–,–,–,–,–,,–,–,–,–,–,2,3,4,6,6,6
Curaao,–,–,–,–,–,,–,–,–,1,1,1,1,1,1,1,1
DominikanischeRepublik,–,–,–,–,–,,–,–,–,2,42,68,173,226,278,333,388
Ecuador,–,–,–,–,–,,–,–,2,7,60,172,333,474,576,1.564,2.127
ElSalvador,–,–,–,–,–,,–,–,–,–,–,3,6,7,8,11,17
Guayanaf,–,–,–,–,–,,–,–,–,–,–,–,–,–,1,1,1
Guadeloupe,–,–,–,–,–,,–,–,–,–,–,7,8,11,13,12,13
Guatemala,–,–,–,–,–,,–,–,–,1,1,3,3,7,15,19,24
Guyana,–,–,–,–,–,,–,–,–,1,1,4,6,7,8,9,10
Haiti,–,–,–,,–,,–,–,–,–,–,–,2,3,6,8,12
Honduras,–,–,–,–,–,,–,–,–,–,–,22,25,46,59,76,108
Jamaika,–,–,–,–,–,,–,–,–,1,1,3,4,5,7,8,9
Kanada,–,–,–,–,–,,–,–,1,19,66,231,674,1.506,2.489,3.681,4.728
Kolumbien,–,–,–,–,–,,–,–,–,2,10,32,100,166,233,324,445
Kuba,–,–,–,–,–,,–,–,–,1,4,8,18,34,54,67,77
Martinique,–,–,–,–,–,,–,–,–,–,2,3,6,12,14,14,14
Mexiko,–,–,–,–,–,,–,–,–,2,20,79,273,650,1.305,2.061,3.353
Montserrat,–,–,–,–,–,,–,–,–,–,–,–,–,1,1,1,1
Nicaragua,–,–,–,–,–,,–,–,–,–,–,1,1,1,3,4,5
Panama,–,–,–,–,–,,–,–,1,3,3,46,79,120,159,197,237
Paraguay,–,–,–,–,–,,–,–,–,1,6,6,6,8,9,10,10
Peru,–,–,–,–,–,,–,–,–,–,–,73,181,348,700,1.200,1.814
PuertoRico,–,–,–,–,–,,–,–,–,1,3,18,44,62[!],53,97,111
SaintMartin,–,–,–,–,–,,–,–,–,–,–,2,2,2,3,3,3
SintMaarten,–,–,–,–,–,,–,–,–,–,–,2,9,9,13,13,15
Suriname,–,–,–,–,–,,–,–,–,–,–,–,1,1,1,1,1
TrinidadundTobago,–,–,–,–,–,,–,–,–,–,–,6,6,8,8,8,8
TurksundCaicosinseln,–,–,–,–,–,,–,–,–,–,–,–,1,1,1,1,1
Uruguay,–,–,–,–,–,,–,–,–,–,–,5,7,9,14,17,17
Venezuela,–,–,–,–,–,,–,–,–,–,–,3,9,9,10,10,10
VereinigteStaaten,–,–,–,–,–,,2,19,41,402,2.398,8.358,20.444,34.203,47.980,60.710,76.916
,,,,,,,,,,,,,,,,,
Albanien,–,–,–,–,–,,–,–,–,2,11,21,23,26,28,31,31
Andorra,–,–,–,–,–,,–,–,–,–,8,17,29,36,40,45,48
Belgien,–,–,–,–,–,,–,–,5,75,431,1.447,3.600,5.683,7.094,7.844,8.656
BosnienundHerzegowina,–,–,–,–,–,,–,–,–,1,9,21,38,46,58,76,103
Bulgarien,–,–,–,–,–,,–,–,2,3,8,20,29,43,56,73,91
Dnemark,–,–,–,–,–,,–,–,4,13,77,179,273,355,422,484,529
Deutschland,–,–,–,–,–,,–,2,12,94,583,1.434,2.799,4.404,5.750,6.692,7.417
Estland,–,–,–,–,–,,–,–,–,–,3,15,25,40,49,55,60
Finnland,–,–,–,–,–,,–,–,–,1,13,28,56,94,190,230,267
Frankreich,–,–,–,–,1,,2,19,127,674,3.017,8.064,14.374,19.689,22.821,24.859,26.338
Gibraltar,–,–,–,–,–,,–,–,–,–,–,1,0,0,0,0,0
Griechenland,–,–,–,–,–,,–,–,4,15,43,73,98,110,130,144,151
Guernsey,–,–,–,–,–,,–,–,–,–,–,3,6,9,12,13,25
Italien,–,–,–,–,–,,35,366,1.809,5.476,11.591,15.889,19.901,23.660,26.644,28.884,30.560
Irland,–,–,–,–,–,,–,–,2,4,54,158,334,610,1.087,1.303,1.458
Island,–,–,–,–,–,,–,–,–,1,2,4,8,9,10,10,10
IsleofMan,–,–,–,–,–,,–,–,–,–,–,1,1,4,18,23,23
Jersey,–,–,–,–,–,,–,–,–,–,–,3,4,12,19,24,25
Kosovo,–,–,–,–,–,,–,–,–,1,1,1,7,12,21,27,28
Kroatien,–,–,–,–,–,,–,–,–,–,6,15,23,47,55,79,90
Lettland,–,–,–,–,–,,–,–,–,–,–,1,5,5,12,16,18
Liechtenstein,–,–,–,–,–,,–,–,–,–,–,1,1,1,1,1,1
Litauen,–,–,–,–,–,,–,–,–,1,7,13,24,36,41,46,50
Luxemburg,–,–,–,–,–,,–,–,1,8,22,36,66,73,88,96,101
Malta,–,–,–,–,–,,–,–,–,–,–,–,3,3,4,4,5
RepublikMoldau,–,–,–,–,–,,–,–,–,1,2,15,33,67,96,128,171
Monaco,–,–,–,–,–,,–,–,–,–,–,–,–,1,1,1,1
Montenegro,–,–,–,–,–,,–,–,–,–,1,2,2,5,7,8,8
Niederland,–,–,–,–,–,,–,1,20,179,864,1.766,2.737,3.684,4.475,5.056,5.440
Nordmazedonien,–,–,–,–,–,,–,–,–,1,7,18,34,51,61,84,91
Norwegen,–,–,–,–,–,,–,–,1,7,26,58,103,154,193,208,217
oesterre,–,–,–,–,–,,–,–,1,16,108,204,350,452,542,598,618
Polen,–,–,–,–,–,,–,–,3,7,31,94,232,360,535,678,800
Portugal,–,–,–,–,–,,–,–,–,–,–,295,504,714,903,1.043,1.135
Rumnien,–,–,–,–,–,,–,–,–,2,44,148,306,434,608,780,952
Russland,–,–,–,–,–,,–,–,–,–,9,45,148,361,794,1.356,2.009
SanMarino,–,–,–,–,–,,–,1,5,20,25,32,35,39,41,41,41
Schweden,–,–,–,–,–,,–,–,3,21,146,401,899,1.540,2.194,2.679,3.225
Schweiz,–,–,–,–,–,,–,2,13,60,295,715,858,1.134,1.336,1.472,1.537
Serbien,–,–,–,–,–,,–,–,–,–,13,51,80,122,156,193,215
Slowakei,–,–,–,–,–,,–,–,–,–,–,–,2,12,18,24,26
Slowenien,–,–,–,–,–,,–,–,–,–,–,28,53,74,82,96,102
Spanien,–,–,–,–,–,,–,10,288,1.720,7.340,12.418,16.972,20.453,23.190,25.264,26.621
Tschechien,–,–,–,–,–,,–,–,–,1,24,67,138,188,221,248,280
Ukraine,–,–,–,–,–,,–,–,1,3,13,38,93,151,220,303,408
Ungarn,–,–,–,–,–,,–,–,1,7,15,38,109,199,280,351,421
VereinigtesKnigreich,–,–,–,–,–,,–,2,35,281,1.408,4.934,10.612,16.060,20.732,28.446,31.855
Weissrussl,–,–,–,–,–,,–,–,–,–,–,8,26,47,72,103,135
zypernrep,–,–,–,–,–,,–,–,–,–,7,14,16,17,17,20,22
,,,,,,,,,,,,,,,,,
agypten,–,–,–,–,–,,–,1,2,14,41,78,159,239,317,429,525
Angola,–,–,–,–,–,,–,–,–,–,–,2,2,2,2,2,2
Aquatorialguinea,–,–,–,–,–,,–,–,–,–,–,–,–,–,1,2,4
athiopien,–,–,–,–,–,,–,–,–,–,–,1,3,3,3,3,5
Algerien,–,–,–,–,–,,–,–,3,17,31,130,293,375,425,463,502
Benin,–,–,–,–,–,,–,–,–,–,–,–,–,1,1,2,2
Botswana,–,–,–,–,–,,–,–,–,–,–,–,–,1,1,1,1
BurkinaFaso,–,–,–,–,–,,–,–,–,3,12,15,19,36,42,45,49
Burundi,–,–,–,–,–,,–,–,–,–,–,–,–,1,1,1,1
Dschibuti,–,–,–,–,–,,–,–,–,–,–,–,2,2,2,2,3
Elfenbeinkste,–,–,–,–,–,,–,–,–,–,–,2,4,9,14,17,21
Eswatini,–,–,–,–,–,,–,–,–,–,–,–,–,1,1,1,2
Gabun,–,–,–,–,–,,–,–,–,–,–,1,1,1,3,5,8
Gambia,–,–,–,–,–,,–,–,–,–,–,1,1,1,1,1,1
Ghana,–,–,–,–,–,,–,–,–,–,5,5,8,9,11,18,22
Guinea,–,–,–,–,–,,–,–,–,–,–,–,–,3,7,7,11
GuineaBissau,–,–,–,–,–,,–,–,–,–,–,–,–,–,1,2,3
Kamerun,–,–,–,–,–,,–,–,–,–,6,9,10,21,56,64,114
KapVerde,–,–,–,–,–,,–,–,–,–,–,1,1,1,1,2,2
Kenia,–,–,–,–,–,,–,–,–,–,–,4,8,14,14,24,32
Komoren,–,–,–,–,–,,–,–,–,–,–,–,–,–,–,–,1
KongoDR,–,–,–,–,–,,–,–,–,2,8,18,20,25,28,34,41
Kongorep,–,–,–,–,–,,–,–,–,–,–,5,5,6,8,10,10
Liberia,–,–,–,–,–,,–,–,–,–,–,3,5,8,12,18,20
Libyen,–,–,–,–,–,,–,–,–,–,–,–,–,1,2,3,3
Madagaskar,–,–,–,–,–,,–,–,–,–,–,–,–,–,–,–,1
Malawi,–,–,–,–,–,,–,–,–,–,–,–,–,2,3,3,3
Mali,–,–,–,–,–,,–,–,–,–,–,–,7,14,23,27,38
Marokko,–,–,–,–,–,,–,–,1,4,33,71,118,141,161,174,188
Mauretanien,–,–,–,–,–,,–,–,–,–,–,1,1,1,1,1,1
Mauritius,–,–,–,–,–,,–,–,–,–,1,7,9,9,9,10,10
Mayotte,–,–,–,–,–,,–,–,–,–,–,2,3,4,4,6,11
Mosambik,–,–,–,–,–,,–,–,–,–,–,–,–,–,–,–,–
Niger,–,–,–,–,–,,–,–,–,–,–,8,12,20,29,36,46
Nigeria,–,–,–,–,–,,–,–,–,–,1,4,10,19,40,85,143
Runion,–,–,–,–,–,,–,–,–,–,–,–,–,–,–,–,–
Ruanda,–,–,–,–,–,,–,–,–,–,–,–,–,–,–,–,–
Sambia,–,–,–,–,–,,–,–,–,–,–,1,2,3,3,3,7
SoTomundPrncipe,–,–,–,–,–,,–,–,–,–,–,–,–,–,–,3,4
Senegal,–,–,–,–,–,,–,–,–,–,–,2,2,3,9,9,19
SierraLeone,–,–,–,–,–,,–,–,–,–,–,–,–,–,4,8,18
Simbabwe,–,–,–,–,–,,–,–,–,–,1,1,3,3,4,4,4
Somalia,–,–,–,–,–,,–,–,–,–,–,–,2,7,23,32,51
Sdafrika,–,–,–,–,–,,–,–,–,–,–,11,25,54,87,131,194
Sudan,–,–,–,–,–,,–,–,–,1,2,2,2,12,21,41,70
Sdsudan,–,–,–,–,–,,–,–,–,–,–,–,–,–,–,–,4
Tansania,–,–,–,–,–,,–,–,–,–,–,1,3,7,10,18,21
Togo,–,–,–,–,–,,–,–,–,–,–,3,3,5,6,9,11
Tschad,–,–,–,–,–,,–,–,–,–,–,–,–,–,–,10,31
Tunesien,–,–,–,–,–,,–,–,–,3,3,22,31,37,38,42,45
ZentralafrikanischeRepublik,–,–,–,–,–,,–,–,–,–,–,–,–,–,–,–,-
,,,,,,,,,,,,,,,,,
,,,,,,,,,,,,,,,,,
Welt,–,(74),282,548,865,,425,766,2.797,7.804,21.895,45.688,65.964,46.195,40.821,40.923,39.301
,,,,,,,,,,,,,,,,,
,,,,,,,,,,,,,,,,,
,,,,,,,,,,,,,,,,,
Argentinien,183.862,"4,06","78189093925♠,0,5. Juni 2020","[12],
",,,,,,,,,,,,,
Armenien,66.674,,"78189186950♠,0,6. Juni 2020","[13],
",,,,,,,,,,,,,
Aserbaidschan,328.385,,"78189093925♠,0,5. Juni 2020","[14],
",,,,,,,,,,,,,
Äthiopien,131.368,"1,14","78189093925♠,0,5. Juni 2020","[15],
",,,,,,,,,,,,,
Australien,1.579.192,"60,64","78189093925♠,0,5. Juni 2020","[16],
",,,,,,,,,,,,,
Bahrain,350.907,"206,22","78189093925♠,0,5. Juni 2020","[17],
",,,,,,,,,,,,,
Bangladesch,358.277,"2,17","78189000900♠,0,4. Juni 2020","[18],
",,,,,,,,,,,,,
Barbados,2.549,,"78186117125♠,0,5. Mai 2020","[19],
",,,,,,,,,,,,,
Belgien,724.596,"61,17","78188907875♠,0,3. Juni 2020","[20],
",,,,,,,,,,,,,
Bolivien,33.946,"2,90","78189000900♠,0,4. Juni 2020","[21],
",,,,,,,,,,,,,
Bosnien und Herzegowina,69.654,,"78189093925♠,0,5. Juni 2020","[22],
",,,,,,,,,,,,,
Brasilien,485.000,"2,28","78188349725♠,29. Mai 2020","[23],
",,,,,,,,,,,,,
Bulgarien,87.890,"12,64","78189093925♠,0,5. Juni 2020","[24],
",,,,,,,,,,,,,
Chile,646.458,"33,81","78189000900♠,0,4. Juni 2020","[25],
",,,,,,,,,,,,,
Costa Rica,20.498,"4,02","78189000900♠,0,4. Juni 2020","[26],
",,,,,,,,,,,,,
Dänemark,562.905,"97,18","78189093925♠,0,5. Juni 2020","[27],
",,,,,,,,,,,,,
Deutschland,4.348.880,"51,90","78188535775♠,31. Mai 2020,1","[28],
",,,,,,,,,,,,,
Ecuador,74.728,"4,23","78188907875♠,0,3. Juni 2020","[29],
",,,,,,,,,,,,,
El Salvador,99.178,"15,29","78188907875♠,0,3. Juni 2020","[30],
",,,,,,,,,,,,,
Elfenbeinküste,10.073,,"78185745025♠,0,1. Mai 2020","[31],
",,,,,,,,,,,,,
Estland,88.570,"66,76","78189000900♠,0,4. Juni 2020","[32],
",,,,,,,,,,,,,
Finnland,194.722,"35,14","78188814850♠,0,2. Juni 2020","[33],
",,,,,,,,,,,,,
Frankreich,831.174,"12,73","78186117125♠,0,5. Mai 2020","[34],
",,,,,,,,,,,,,
Ghana,223.065,"7,17","78188814850♠,0,2. Juni 2020","[35],
",,,,,,,,,,,,,
Griechenland,193.929,"18,60","78189000900♠,0,4. Juni 2020","[36],
",,,,,,,,,,,,,
Indien,4.386.379,"3,17","78189093925♠,0,5. Juni 2020","[37],
",,,,,,,,,,,,,
Indonesien,256.810,"0,93","78189093925♠,0,5. Juni 2020","[38],
",,,,,,,,,,,,,
Iran,1.019.362,"12,13","78189000900♠,0,4. Juni 2020","[39],
",,,,,,,,,,,,,
Irland,348.416,"70,56","78188814850♠,0,2. Juni 2020","[40],
",,,,,,,,,,,,,
Island,62.189,"182,23","78189000900♠,0,4. Juni 2020","[41],
",,,,,,,,,,,,,
Israel,565.161,"65,29","78188256700♠,28. Mai 2020","[42],
",,,,,,,,,,,,,
Italien,4.114.572,"66,97","78189093925♠,0,5. Juni 2020","[43],
",,,,,,,,,,,,,
Jamaika,4.779,,"78185745025♠,0,1. Mai 2020","[44],
",,,,,,,,,,,,,
Japan,504.964,"3,99","78188907875♠,0,3. Juni 2020","[45],
",,,,,,,,,,,,,
Kanada,1.824.781,"47,35","78189093925♠,0,5. Juni 2020","[46],
",,,,,,,,,,,,,
Kasachstan,915.904,"46,18","78189093925♠,0,5. Juni 2020","[47],
",,,,,,,,,,,,,
Katar,246.362,"85,51","78189093925♠,0,5. Juni 2020","[48],
",,,,,,,,,,,,,
Kenia,87.698,"1,63","78189000900♠,0,4. Juni 2020","[49],
",,,,,,,,,,,,,
Kirgisistan,69.333,,"78186303175♠,0,7. Mai 2020","[50],
",,,,,,,,,,,,,
Kolumbien,374.592,"7,36","78189000900♠,0,4. Juni 2020","[51],
",,,,,,,,,,,,,
Kroatien,68.267,"16,62","78189093925♠,0,5. Juni 2020","[52],
",,,,,,,,,,,,,
Kuba,114.464,"10,10","78189000900♠,0,4. Juni 2020","[53],
",,,,,,,,,,,,,
Lettland,115.461,"61,21","78189093925♠,0,5. Juni 2020","[54],
",,,,,,,,,,,,,
Litauen,326.294,"119,86","78189093925♠,0,5. Juni 2020","[55],
",,,,,,,,,,,,,
Luxemburg,82.377,"131,59","78189000900♠,0,4. Juni 2020","[56],
",,,,,,,,,,,,,
Malawi,848,,"78185838050♠,0,2. Mai 2020","[57],
",,,,,,,,,,,,,
Malaysia,590.613,"18,24","78189093925♠,0,5. Juni 2020","[58],
",,,,,,,,,,,,,
Malediven,26.243,"48,54","78188907875♠,0,3. Juni 2020","[59],
",,,,,,,,,,,,,
Malta,35.133,,"78185838050♠,0,2. Mai 2020","[60],
",,,,,,,,,,,,,
Marokko,95.536,"2,59","78187326450♠,18. Mai 2020","[61],
",,,,,,,,,,,,,
Mexiko,267.389,"2,07","78188907875♠,0,3. Juni 2020","[62],
",,,,,,,,,,,,,
Mosambik,2.246,,"78185745025♠,0,1. Mai 2020","[63],
",,,,,,,,,,,,,
Myanmar,31.701,"0,58","78188907875♠,0,3. Juni 2020","[64],
",,,,,,,,,,,,,
Nepal,84.134,"2,88","78189000900♠,0,4. Juni 2020","[65],
",,,,,,,,,,,,,
Neuseeland,288.987,"59,92","78189000900♠,0,4. Juni 2020","[66],
",,,,,,,,,,,,,
Niederlande,378.912,"22,11","78188907875♠,0,3. Juni 2020","[67],
",,,,,,,,,,,,,
Nigeria,73.064,"0,35","78189093925♠,0,5. Juni 2020","[68],
",,,,,,,,,,,,,
Nordkorea,740,,"78184163600♠,16. Apr. 2020","[69],
",,,,,,,,,,,,,
Nordmazedonien,17.544,,"78186117125♠,0,5. Mai 2020","[70],
",,,,,,,,,,,,,
Norwegen,257.303,"47,46","78189093925♠,0,5. Juni 2020","[71],
",,,,,,,,,,,,,
Österreich,485.912,"53,23","78189186950♠,0,6. Juni 2020","[72],
",,,,,,,,,,,,,
Pakistan,638.323,"2,89","78189093925♠,0,5. Juni 2020","[73],
",,,,,,,,,,,,,
Palästina,33.194,,"78185838050♠,0,2. Mai 2020","[74],
",,,,,,,,,,,,,
Panama,70.245,"16,28","78189000900♠,0,4. Juni 2020","[75],
",,,,,,,,,,,,,
Paraguay,34.240,"4,80","78189000900♠,0,4. Juni 2020","[76],
",,,,,,,,,,,,,
Peru,1.154.468,"35,01","78189093925♠,0,5. Juni 2020","[77],
",,,,,,,,,,,,,
Philippinen,357.351,"3,26","78188907875♠,0,3. Juni 2020","[78],
",,,,,,,,,,,,,
Polen,967.177,"25,55","78188907875♠,0,3. Juni 2020","[79],
",,,,,,,,,,,,,
Portugal,873.998,"85,71","78188814850♠,0,2. Juni 2020","[80],
",,,,,,,,,,,,,
Ruanda,71.141,"5,49","78188907875♠,0,3. Juni 2020","[81],
",,,,,,,,,,,,,
Rumänien,484.782,"25,20","78189093925♠,0,5. Juni 2020","[82],
",,,,,,,,,,,,,
Russland,12.388.968,"82,59","78189093925♠,0,5. Juni 2020","[83],
",,,,,,,,,,,,,
Saudi-Arabien,887.209,"25,48","78189000900♠,0,4. Juni 2020","[84],
",,,,,,,,,,,,,
Schweden,275.500,"27,27","78188535775♠,31. Mai 2020","[85],
",,,,,,,,,,,,,
Schweiz,419.980,"47,97","78189186950♠,0,6. Juni 2020","[86],
",,,,,,,,,,,,,
Senegal,50.690,"3,02","78189093925♠,0,5. Juni 2020","[87],
",,,,,,,,,,,,,
Serbien,261.266,"38,39","78189000900♠,0,4. Juni 2020","[88],
",,,,,,,,,,,,,
Simbabwe,20.012,"1,34","78188907875♠,0,3. Juni 2020","[89],
",,,,,,,,,,,,,
Singapur,408.495,"69,82","78188721825♠,0,1. Juni 2020","[90],
",,,,,,,,,,,,,
Slowakei,185.596,"33,99","78189093925♠,0,5. Juni 2020","[91],
",,,,,,,,,,,,,
Slowenien,82.161,"39,52","78189000900♠,0,4. Juni 2020","[92],
",,,,,,,,,,,,,
Spanien,2.536.234,"53,80","78188256700♠,28. Mai 2020","[93],[94],
",,,,,,,,,,,,,
Südafrika,820.675,"13,83","78189000900♠,0,4. Juni 2020","[95],
",,,,,,,,,,,,,
Südkorea,990.960,"19,32","78189093925♠,0,5. Juni 2020","[96],
",,,,,,,,,,,,,
Taiwan,73.040,"3,06","78189000900♠,0,4. Juni 2020","[97],
",,,,,,,,,,,,,
Thailand,224.386,"3,21","78189093925♠,0,5. Juni 2020","[98],
",,,,,,,,,,,,,
Trinidad und Tobago,1.838,,"78185838050♠,0,2. Mai 2020","[99],
",,,,,,,,,,,,,
Tschechien,464.499,"43,37","78189000900♠,0,4. Juni 2020","[100],
",,,,,,,,,,,,,
Tunesien,53.161,"4,49","78188721825♠,0,1. Juni 2020","[101],
",,,,,,,,,,,,,
Türkei,2.267.412,"26,19","78189093925♠,0,5. Juni 2020","[102],
",,,,,,,,,,,,,
Uganda,102.780,"2,24","78189000900♠,0,4. Juni 2020","[103],
",,,,,,,,,,,,,
Ukraine,414.542,"9,22","78189186950♠,0,6. Juni 2020","[104],
",,,,,,,,,,,,,
Uruguay,46.512,"13,39","78189093925♠,0,5. Juni 2020","[105],
",,,,,,,,,,,,,
Ungarn,202.606,"20,97","78189093925♠,0,5. Juni 2020","[106],
",,,,,,,,,,,,,
Venezuela,495.730,,"78186210150♠,0,6. Mai 2020","[107],
",,,,,,,,,,,,,
Vereinigte Arabische Emirate,1.520.958,,"78186861325♠,13. Mai 2020","[108],
",,,,,,,,,,,,,
Vereinigte Staaten,20.384.850,"59,85","78189093925♠,0,5. Juni 2020","[109],[110],
",,,,,,,,,,,,,
Vereinigtes Königreich,5.214.277,"61,44","78189093925♠,0,5. Juni 2020","[111],
",,,,,,,,,,,,,
Vietnam,261.004,"2,68","78185372925♠,29. Apr. 2020","[112],
",,,,,,,,,,,,,
Weißrussland,597.013,"59,57","78189093925♠,0,5. Juni 2020","[113],
",,,,,,,,,,,,,
,,,,,,,,,,,,,,,,,
78178954200♠,—,14,—,—,—,,2,—,—,—,—,—,—,—,—,—,16
78179047225♠,1,14,—,—,—,,2,—,—,1,—,—,—,—,—,—,18
78179140250♠,3,14,—,—,—,,2,—,—,2,—,—,—,—,—,—,21
78179233275♠,6,14,—,—,—,,2,—,—,4,—,—,—,—,—,—,26
78179326300♠,10,15,—,—,—,,2,—,—,25,—,—,—,—,1,—,53
78179419325♠,14,15,—,—,—,,5,—,—,30,1,—,—,—,1,—,66
78179791425♠,15,19,—,—,1,,10,—,1,66,2,—,—,—,2,—,117
78179884450♠,19,25,1,—,1,,12,—,1,86,2,—,—,—,2,—,150
78179977475♠,26,35,3,1,1,,12,—,1,101,2,—,1,—,2,1,188
78180070500♠,44,48,6,1,1,,12,3,4,111,2,1,1,—,2,1,240
78180163525♠,73,70,13,1,3,,14,4,18,181,8,1,1,—,7,1,400
78180256550♠,96,117,19,2,4,,16,5,18,329,10,2,2,—,7,1,639
78180349575♠,170,134,28,2,4,,17,5,19,373,13,3,4,—,8,2,795
78180442600♠,182,172,40,4,4,,19,8,21,398,19,4,7,—,9,2,902
78180535625♠,204,256,48,6,4,,26,10,38,484,17,6,12,—,9,2,1.139
78180628650♠,237,314,48,9,4,,35,13,49,484,25,7,22,7,9,4,1.296
78180721675♠,277,366,90,24,21,,48,17,75,484,25,14,26,15,27,10,1.567
78180814700♠,454,500,137,30,38,,99,23,129,688,52,14,45,27,31,14,2.369
78180907725♠,454,558,174,44,42,,148,33,230,936,102,40,83,42,48,29,3.062
78181000750♠,569,681,216,61,50,,203,45,253,1.154,121,40,93,45,60,46,3.795
78181093775♠,827,886,265,84,53,,286,50,287,1.407,168,32,130,47,103,51,4.838
78181186800♠,1.105,1.067,300,94,56,,342,51,391,1.541,325,85,140,77,123,55,6.012
78181279825♠,1.479,1.109,345,73,57,,373,45,325,2.105,442,75,182,58,127,51,7.156
78181372850♠,1.609,1.243,391,92,69,,432,56,478,2.372,474,88,198,105,159,74,8.198
78181465875♠,2.155,1.692,573,134,80,,682,98,669,3.033,637,99,275,140,202,98,10.999
78181558900♠,2.746,2.401,731,192,121,,813,131,803,3.497,801,146,394,180,266,149,13.957
78181651925♠,3.668,2.960,866,254,142,,1.080,165,1.023,3.542,938,187,567,188,308,187,16.662
78181744950♠,3.807,3.650,1.024,274,165,,1.175,172,1.306,3.545,1.053,187,606,211,347,216,18.610
78181837975♠,3.811,4.892,1.077,288,170,,1.347,172,1.483,5.615,1.177,200,653,212,383,249,22.672
78181931000♠,5.348,5.754,1.220,343,183,,1.620,199,1.764,6.318,1.370,337,811,321,478,327,27.436
78182024025♠,6.069,6.558,1.428,429,200,,1.754,218,2.140,7.197,1.591,403,959,375,577,394,31.554
78182117050♠,7.283,7.993,1.656,477,211,,2.157,244,2.347,7.924,1.816,433,1.141,418,675,468,36.508
78182210075♠,8.161,9.481,1.955,537,241,,2.323,259,2.810,9.235,1.971,505,1.305,458,812,542,42.288
78182303100♠,9.781,11.150,2.161,645,260,,2.604,308,3.150,10.607,2.212,550,1.432,"458,(2g)",915,584,48.582
78182396125♠,"9.794,(2h)",12.881,2.360,721,275,,"2.605,(2h)",348,3.450,11.400,2.396,"560,(2h)",1.617,592,1.005,697,52.547
78182489150♠,10.943,13.989,2.464,761,286,,3.091,356,3.732,12.178,2.584,706,1.795,"592,(2i)",1.049,719,57.298
78182582175♠,12.334,14.810,2.575,798,294,,3.283,366,4.063,13.225,2.726,782,1.882,680,1.120,784,61.913
78182768225♠,13.410,16.497,2.754,881,311,,3.445,406,4.382,14.351,2.899,829,2.034,750,1.246,860,67.366
78182861250♠,14.662,18.496,2.970,995,327,,3.707,438,4.695,15.427,3.132,1.020,2.183,804,1.335,925,73.522
78182954275♠,16.059,20.237,3.202,1.075,341,,3.993,468,5.081,16.606,3.362,1.079,2.336,836,1.443,982,79.696
78183047300♠,17.014,21.908,3.471,1.211,354,,4.279,501,5.571,17.885,3.504,1.265,2.591,896,1.559,1.072,85.778
78183140325♠,18.614,23.846,3.613,1.305,394,,4.575,523,5.712,18.735,3.663,1.358,2.741,919,1.631,1.140,91.714
78183233350♠,19.395,24.974,3.670,1.345,397,,4.674,528,5.960,19.384,3.882,1.483,2.903,956,1.671,1.176,95.391
78183326375♠,20.141,26.163,3.845,1.384,399,,4.837,531,6.200,20.220,3.992,1.532,2.997,987,1.730,1.208,99.225
78183419400♠,20.680,27.564,4.028,1.472,424,,4.965,555,6.385,20.929,4.148,1.637,3.144,1.020,1.827,1.285,103.228
78183512425♠,21.603,28.827,4.202,1.578,445,,5.242,572,6.804,21.961,4.336,1.693,3.261,1.075,1.932,1.351,108.202
78183605450♠,22.433,30.363,4.349,1.691,454,,5.694,586,7.114,23.028,4.440,1.854,3.402,1.121,2.029,1.416,113.525
78183698475♠,23.617,31.453,4.458,1.764,469,,5.808,601,7.343,23.644,4.622,2.016,3.565,1.135,2.065,1.435,117.658
78183791500♠,24.078,32.282,4.567,1.857,480,,5.859,605,7.602,24.267,4.734,2.058,3.600,1.166,2.118,1.464,120.479
78183884525♠,24.570,33.015,4.601,1.880,486,,6.114,618,7.723,24.883,4.810,2.079,3.655,1.193,2.134,1.485,123.016
78183977550♠,25.040,33.569,4.668,1.916,492,,6.183,619,7.885,25.300,4.880,2.112,3.751,1.207,2.164,1.504,125.098
78184070575♠,25.438,34.294,4.722,1.950,500,,6.347,624,8.019,25.835,5.004,2.145,3.819,1.223,2.245,1.550,127.584
78184163600♠,25.881,35.142,4.848,2.058,507,,6.470,634,8.188,26.383,5.087,2.201,3.955,1.248,2.294,1.601,130.450
78184256625♠,26.543,36.027,4.945,2.120,556,,6.705,634,8.442,27.030,5.211,2.254,4.048,1.279,2.349,1.682,133.830
78184349650♠,27.258,36.881,5.066,2.161,567,,6.916,645,8.649,28.006,5.324,2.289,4.140,1.315,2.387,1.717,137.439
78184442675♠,27.883,37.407,5.159,2.221,585,,7.108,651,8.797,28.471,5.432,2.303,4.190,1.350,2.417,1.756,139.897
78184535700♠,28.253,37.849,5.196,2.238,604,,7.177,653,8.900,28.971,5.523,2.314,4.229,1.369,2.426,1.785,141.672
78184628725♠,28.712,38.310,5.237,2.275,609,,7.231,655,9.098,29.389,5.561,2.328,4.253,1.383,"2.414,(2j)",1.798,143.457
78184721750♠,28.898,38.814,5.312,2.389,624,,7.380,656,9.236,30.185,5.593,2.367,4.273,1.395,2.496,1.872,145.694
78184814775♠,29.443,39.395,5.324,2.447,672,,7.593,659,9.391,30.584,5.643,2.395,4.327,1.425,2.530,1.932,148.046
78184907800♠,29.792,39.939,5.459,2.536,707,,7.712,661,9.544,31.106,5.731,2.445,4.377,1.436,2.557,2.023,150.383
78185000825♠,30.169,40.547,5.525,2.627,719,,7.837,667,9.691,31.465,5.767,2.468,4.406,1.480,2.612,2.058,152.438
78185093850♠,30.761,40.912,5.600,2.694,739,,7.946,673,9.785,31.669,5.835,2.482,4.428,1.494,2.630,2.098,154.175
78185186875♠,31.043,41.070,5.638,2.721,754,,7.979,674,9.847,31.879,5.879,2.503,4.458,1.515,2.638,2.120,155.193
78185279900♠,31.196,41.406,5.669,2.747,759,,8.026,675,9.926,32.184,5.928,2.509,4.490,1.520,2.653,2.144,156.337
78185372925♠,31.336,41.830,5.734,2.768,797,,8.184,687,9.972,32.429,5.982,2.514,4.509,1.525,2.679,2.170,157.641
78185465950♠,31.609,42.080,5.827,2.831,827,,8.304,690,10.067,32.687,6.029,2.552,4.561,1.549,2.690,2.254,159.119
78185745025♠,31.919,42.489,5.887,2.872,859,,8.376,693,10.141,33.058,6.086,2.581,4.592,1.564,2.714,2.323,160.758
78185838050♠,32.146,42.658,5.943,2.886,871,,8.486,695,10.246,33.216,6.099,2.597,4.617,1.571,2.728,2.335,161.703
78185931075♠,32.291,42.792,5.976,2.905,875,,8.524,698,10.283,33.428,6.133,2.605,4.696,1.576,2.738,2.345,162.496
78186024100♠,32.411,42.997,6.010,2.914,893,,8.549,699,10.325,33.560,6.150,2.608,4.702,1.578,2.788,2.355,163.175
78186117125♠,32.482,43.162,6.042,2.940,895,,8.585,703,10.380,33.728,6.160,2.618,4.745,1.585,2.799,2.392,163.860
78186210150♠,32.576,43.371,6.092,2.969,916,,8.642,711,10.453,33.977,6.191,2.627,4.784,1.590,2.815,2.429,164.807
78186303175♠,32.762,43.658,6.149,2.999,963,,8.736,715,10.564,34.249,6.213,2.655,4.836,1.602,2.834,2.452,166.091
78186396200♠,32.898,43.905,6.209,3.037,997,,8.850,718,10.686,34.522,6.241,2.658,4.839,1.615,2.860,2.512,167.300
78186489225♠,33.105,44.169,6.242,3.098,1.024,,8.916,722,10.803,34.817,6.282,2.660,4.873,1.637,2.898,2.533,168.551
78186582250♠,33.287,44.265,6.261,3.101,1.043,,8.998,726,10.827,34.964,6.291,2.663,4.886,1.640,2.938,2.556,169.218
78186675275♠,"33.190,(2k)",44.368,6.272,3.106,1.055,,9.012,728,10.854,35.132,6.313,2.665,4.915,1.643,2.957,2.585,169.575
78186768300♠,"33.359,(2l)",44.593,6.274,3.111,1.058,,9.031,729,10.895,35.333,6.355,2.665,4.947,1.648,"2.956,(2l)",2.594,170.508
78186861325♠,33.518,44.802,6.298,3.125,1.077,,9.087,736,10.903,35.555,6.360,2.667,4.962,1.650,2.972,2.622,171.306
78186954350♠,33.670,44.980,6.342,3.135,1.104,,9.169,739,11.003,35.741,6.382,2.677,5.031,1.656,2.982,2.652,172.239
78187047375♠,33.851,45.143,6.397,3.158,1.129,,9.204,740,11.087,35.967,6.413,2.684,5.061,1.668,2.988,2.681,173.152
78187140400♠,33.893,45.340,6.428,3.169,1.150,,9.261,746,11.092,36.065,6.449,2.688,5.089,1.676,2.998,2.711,173.772
78187233425♠,33.950,45.427,6.447,3.171,1.164,,9.317,748,11.155,36.286,"6.449,(2m)",2.696,5.115,1.676,3.000,2.725,174.355
78187326450♠,34.000,45.507,6.458,3.172,1.171,,9.337,752,11.167,36.365,6.490,2.696,5.125,1.678,3.002,2.740,174.697
78187419475♠,34.034,45.639,6.478,3.185,1.237,,9.368,752,11.207,36.485,6.520,2.699,5.133,1.679,3.002,2.750,175.210
78187512500♠,34.115,45.766,6.507,3.193,1.256,,9.483,755,11.288,36.766,6.529,2.703,5.150,1.680,3.014,2.760,176.007
78187605525♠,34.175,45.929,6.555,3.205,1.273,,9.574,762,11.362,36.912,6.555,2.706,5.185,1.689,3.021,2.796,176.752
78187698550♠,"34.174,(2n)",46.024,6.585,3.211,1.291,,9.656,763,11.420,37.010,6.566,2.707,5.197,1.692,3.039,2.818,177.212
78187791575♠,34.345,46.132,6.614,3.213,1.296,,9.670,763,11.521,37.139,6.582,2.709,5.219,1.692,3.062,2.830,177.850
78187884600♠,34.399,46.206,6.637,3.214,1.299,,9.762,760,11.578,37.223,6.590,2.713,5.221,1.694,3.062,2.857,178.281
78187977625♠,34.431,46.326,6.642,3.214,1.312,,9.770,760,"11.578,(2o)",37.298,6.596,2.716,5.231,1.694,3.062,2.871,178.570
78188070650♠,34.466,46.456,6.652,3.236,1.313,,9.804,760,11.646,37.395,6.600,2.727,5.236,1.698,3.067,2.877,179.002
78188163675♠,34.500,46.458,6.673,3.246,1.322,,9.860,760,11.678,37.541,6.611,2.730,5.247,1.698,3.070,2.898,179.364
78188256700♠,"34.129,(2p)",46.729,6.703,3.261,1.348,,9.915,760,11.750,37.698,6.652,2.731,5.260,1.701,3.072,2.932,179.717
78188349725♠,"34.479,(2q)",46.809,6.738,3.271,1.372,,9.962,759,11.832,37.803,6.673,"2.716,(2q)","5.230,(2q)",1.700,3.078,2.958,180.458
78188442750♠,34.718,46.854,6.767,3.266,1.398,,10.003,760,11.958,37.910,6.695,2.723,5.297,1.701,3.090,2.974,181.196
78188535775♠,"34.718,(2r)",46.917,6.800,3.271,"1.398,(2s)",,10.033,761,11.992,38.000,6.694,2.724,5.304,1.705,3.094,2.984,181.482
78188721825♠,34.784,47.004,6.816,3.273,"1.398,(2s)",,10.047,761,12.043,38.046,6.703,2.724,5.309,1.706,3.097,3.015,181.815
78188814850♠,34.796,47.029,6.839,3.274,1.436,,10.060,761,12.065,38.100,6.704,2.730,5.309,1.707,3.103,3.017,182.028
78188907875♠,34.813,47.138,6.874,3.273,1.447,,10.080,761,12.114,38.185,6.712,2.735,5.305,1.707,3.106,3.022,182.370
78189000900♠,34.830,47.209,6.901,3.280,1.462,,10.129,763,12.182,38.297,6.719,2.737,5.312,1.711,"3.103,(2v)",3.033,182.764
78189093925♠,34.870,47.268,6.946,3.288,1.498,,10.163,764,12.277,38.439,6.732,2.738,5.315,1.712,3.103,3.051,183.271
,,,,,,,,,,,,,,,,,
,,,,,,,,,,,,,,,,,
78181558900♠,25,18,20,8,18,,13,8,10,20,20,15,10,8,9,7,"17
"
78181651925♠,33,23,23,10,21,,17,10,13,20,23,19,14,9,11,9,"20
"
78181744950♠,34,28,27,11,24,,19,11,16,20,26,19,15,10,12,10,"22
"
78181837975♠,34,37,29,11,25,,21,11,19,31,29,20,16,10,13,12,"27
"
78181931000♠,48,44,33,14,27,,26,12,22,35,34,34,20,15,17,15,"33
"
78182024025♠,55,50,38,17,29,,28,14,27,40,39,41,24,17,20,18,"38
"
78182117050♠,66,61,44,19,31,,34,15,29,44,44,44,28,19,23,22,"44
"
78182210075♠,74,73,52,21,35,,37,16,35,51,48,51,32,21,28,25,"51
"
78182303100♠,88,85,58,26,38,,42,19,39,59,54,56,35,"21,(2g)",32,27,"58
"
78182396125♠,"88,(2h)",99,63,29,40,,"42,(2h)",22,43,64,59,"57,(2h)",40,27,35,33,"63
"
78182489150♠,99,107,66,30,42,,49,22,47,68,63,71,44,"27,(2i)",36,34,"69
"
78182582175♠,111,113,69,32,43,,52,23,51,74,67,79,46,31,39,37,"74
"
78182768225♠,121,126,73,35,46,,55,25,55,80,71,84,50,34,43,40,"81
"
78182861250♠,132,141,79,40,48,,59,27,59,86,77,103,54,36,46,43,"88
"
78182954275♠,145,155,85,43,50,,64,29,64,93,82,109,57,38,50,46,"96
"
78183047300♠,154,168,93,48,52,,68,31,70,100,86,128,64,41,54,50,"103
"
78183140325♠,168,182,96,52,58,,73,32,72,104,90,137,67,42,56,53,"110
"
78183233350♠,176,192,102,54,58,,75,33,75,108,95,149,71,43,58,55,"115
"
78183326375♠,182,200,103,55,58,,77,33,78,113,98,155,73,45,60,56,"119
"
78183419400♠,187,211,107,59,62,,79,34,80,117,102,165,77,46,63,60,"124
"
78183512425♠,195,220,112,63,65,,84,36,85,122,106,171,80,49,67,63,"130
"
78183605450♠,203,232,116,67,66,,91,36,89,128,109,187,83,51,70,66,"137
"
78183698475♠,213,241,119,70,69,,93,37,92,132,113,204,87,51,71,67,"142
"
78183791500♠,218,247,122,74,70,,94,38,95,135,116,208,88,53,73,68,"145
"
78183884525♠,222,252,123,75,71,,98,38,97,139,118,210,90,54,74,69,"148
"
78183977550♠,226,257,125,76,72,,99,38,99,141,119,213,92,55,75,70,"150
"
78184070575♠,230,262,126,78,73,,101,39,100,144,123,217,94,55,78,72,"153
"
78184163600♠,234,269,129,82,74,,103,39,103,147,125,222,97,57,79,75,"157
"
78184256625♠,240,276,132,84,81,,107,39,106,151,128,228,99,58,81,78,"161
"
78184349650♠,246,282,135,86,83,,110,40,108,156,130,231,102,60,82,80,"165
"
78184442675♠,252,286,138,88,86,,113,40,110,159,133,233,103,61,83,82,"168
"
78184535700♠,255,289,139,89,88,,115,41,111,162,135,234,104,62,84,83,"170
"
78184628725♠,259,293,140,91,89,,115,41,114,164,136,235,104,63,"83,(2j)",84,"173
"
78184721750♠,261,297,142,95,91,,118,41,116,168,137,239,105,63,86,87,"175
"
78184814775♠,266,301,142,97,98,,121,41,118,171,138,242,106,65,87,90,"178
"
78184907800♠,269,305,146,101,104,,123,41,120,173,140,247,107,65,88,94,"181
"
78185000825♠,273,310,147,105,105,,125,41,121,175,141,249,108,67,90,96,"183
"
78185093850♠,278,313,149,107,108,,127,42,123,177,143,251,109,68,91,98,"185
"
78185186875♠,280,314,150,108,110,,127,42,123,178,144,253,109,69,91,99,"187
"
78185279900♠,282,317,151,109,111,,128,42,124,179,145,253,110,69,92,100,"188
"
78185372925♠,283,320,153,110,117,,131,43,125,181,146,254,111,69,92,101,"190
"
78185465950♠,286,322,155,113,121,,133,43,126,182,148,258,112,70,93,105,"191
"
78185745025♠,288,325,157,114,126,,134,43,127,184,149,261,113,71,94,108,"193
"
78185838050♠,290,326,159,115,128,,135,43,128,185,149,262,113,71,94,109,"195
"
78185931075♠,292,327,159,116,128,,136,43,129,186,150,263,115,71,95,109,"195
"
78186024100♠,293,329,160,116,131,,136,43,129,187,151,263,115,71,96,110,"196
"
78186117125♠,293,330,161,117,131,,137,44,130,188,151,264,116,72,97,112,"197
"
78186210150♠,294,332,163,118,134,,138,44,131,189,152,265,117,72,97,113,"198
"
78186303175♠,296,334,164,119,141,,139,44,132,191,152,268,119,73,98,114,"200
"
78186396200♠,297,336,166,121,146,,141,45,134,193,153,268,119,73,99,117,"201
"
78186489225♠,299,338,167,123,150,,142,45,135,194,154,269,119,74,100,118,"203
"
78186582250♠,301,339,167,123,153,,144,45,136,195,154,269,120,74,101,119,"204
"
78186675275♠,300,339,167,124,154,,144,45,136,196,155,269,121,74,102,121,"204
"
78186768300♠,301,341,167,124,155,,144,45,136,197,156,269,121,75,102,121,"205
"
78186861325♠,303,343,168,124,158,,145,46,137,198,156,269,122,75,103,122,"206
"
78186954350♠,304,344,169,125,162,,146,46,138,199,156,270,123,75,103,124,"207
"
78187047375♠,306,345,171,126,165,,147,46,139,201,157,271,124,76,103,125,"208
"
78187140400♠,306,347,171,126,168,,148,46,139,201,158,271,125,76,103,126,"209
"
78187233425♠,307,347,172,126,170,,149,46,140,202,158,272,125,76,104,127,"210
"
78187326450♠,307,348,172,126,171,,149,47,140,203,159,272,126,76,104,128,"210
"
78187419475♠,307,349,173,127,181,,150,47,140,203,160,272,126,76,104,128,"211
"
78187512500♠,308,350,174,127,184,,151,47,141,206,160,273,126,76,104,129,"212
"
78187605525♠,309,351,175,128,186,,153,47,142,206,160,273,127,76,104,130,"213
"
78187698550♠,309,352,176,128,189,,154,47,143,206,161,273,127,77,105,131,"213
"
78187791575♠,310,353,176,128,190,,154,47,144,207,161,273,128,77,106,132,"214
"
78187884600♠,311,353,177,128,190,,156,47,145,208,161,274,128,77,106,133,"214
"
78187977625♠,311,354,177,128,192,,156,47,145,208,161,274,128,77,106,134,"215
"
78188070650♠,311,355,177,129,192,,156,47,146,209,162,275,128,77,106,134,"215
"
78188163675♠,312,355,178,129,194,,157,47,146,209,162,276,129,77,106,135,"216
"
78188256700♠,"308,(2p)",357,179,130,197,,158,47,147,210,163,276,129,77,106,137,"216
"
78188349725♠,"311,(2q)",358,180,130,201,,159,47,148,211,163,"274,(2q)","128,(2q)",77,106,138,"217
"
78188442750♠,314,358,181,130,205,,160,47,150,211,164,275,130,77,107,139,"218
"
78188535775♠,"314,(2r)",359,181,130,"205,(2s)",,160,47,150,212,164,275,130,77,107,139,"218
"
78188721825♠,314,359,182,130,"205,(2s)",,160,47,151,212,164,275,130,77,107,141,"219
"
78188814850♠,314,360,182,130,"210,(2u)",,161,47,151,212,164,276,130,77,107,141,"219
"
78188907875♠,314,360,183,130,212,,161,47,152,213,164,276,130,77,107,141,"219
"
78189000900♠,315,361,184,131,214,,162,47,153,214,164,276,130,77,107,142,"220
"
78189093925♠,315,361,185,131,219,,162,47,154,214,165,276,130,78,107,142,"220
"
,,,,,,,,,,,,,,,,,
,,,,,,,,,,,,,,,,,
78180535625♠,–,–,–,–,–,,–,–,–,2,–,–,–,–,–,–,2
78180628650♠,–,–,–,–,–,,–,–,–,2,–,–,–,–,–,–,2
78180721675♠,–,–,–,–,–,,–,–,–,3,–,–,–,–,–,–,3
78180814700♠,1,1,–,–,–,,–,–,–,3,–,–,–,–,–,–,5
78180907725♠,1,1,–,–,–,,–,–,–,3,–,–,–,–,–,–,5
78181000750♠,2,1,–,–,–,,–,–,–,5,–,–,–,–,–,–,8
78181093775♠,3,4,–,–,–,,–,–,–,5,–,–,–,–,–,–,12
78181186800♠,3,5,–,–,–,,–,–,–,5,–,–,–,–,–,–,13
78181279825♠,2,4,–,–,–,,–,–,–,6,–,–,–,–,–,–,12
78181372850♠,2,4,–,–,–,,–,–,–,6,–,–,–,–,–,–,12
78181465875♠,6,8,–,–,–,,–,–,–,6,–,–,–,–,–,–,20
78181558900♠,10,12,–,–,–,,1,–,–,6,1,–,–,–,1,–,31
78181651925♠,16,19,1,–,–,,2,–,–,6,1,–,–,–,1,–,46
78181744950♠,21,21,1,–,–,,2,–,1,6,2,–,–,–,1,–,55
78181837975♠,21,26,1,–,–,,3,–,4,28,2,–,–,–,1,–,86
78181931000♠,30,30,1,–,–,,4,–,6,33,5,1,1,–,2,1,114
78182024025♠,37,37,2,1,–,,4,–,7,43,5,1,6,1,3,1,149
78182117050♠,56,47,4,1,1,,6,–,8,53,6,2,7,1,3,3,198
78182210075♠,70,55,8,1,1,,7,–,10,72,8,2,7,2,4,4,253
78182303100♠,101,77,8,1,2,,9,–,12,80,11,2,9,"2 ,(2g)",4,5,325
78182396125♠,"101 ,(2h)",107,9,1,2,,"9 ,(2h)",1,21,98,12,"2 ,(2h)",9,2,6,5,389
78182489150♠,119,127,11,2,2,,13,1,26,101,18,7,9,"2 ,(2i)",7,5,455
78182582175♠,165,162,13,2,4,,17,1,34,117,19,7,12,6,9,6,583
78182768225♠,197,225,16,4,5,,21,3,42,134,23,8,17,7,10,6,732
78182861250♠,241,268,19,7,6,,27,3,45,161,26,11,18,8,11,7,872
78182954275♠,285,307,20,9,6,,33,4,65,178,26,12,21,11,15,9,1.017
78183047300♠,316,349,22,12,6,,42,5,85,200,29,14,24,11,17,10,1.158
78183140325♠,367,396,24,17,6,,56,5,89,245,32,14,32,12,18,10,1.342
78183233350♠,387,437,26,19,8,,61,6,92,255,32,14,34,12,20,12,1.434
78183326375♠,433,481,28,20,9,,73,8,111,282,34,16,38,12,24,18,1.607
78183419400♠,464,564,32,22,10,,84,11,121,348,45,23,50,16,28,20,1.861
78183512425♠,519,635,37,30,11,,100,11,141,384,50,23,52,16,34,20,2.107
78183605450♠,570,703,42,37,13,,111,11,161,446,51,36,59,18,38,24,2.373
78183698475♠,622,747,46,37,15,,120,11,171,472,59,41,65,18,39,25,2.544
78183791500♠,649,786,50,38,15,,123,11,189,495,64,43,67,21,41,25,2.673
78183884525♠,677,820,51,38,17,,135,11,201,518,68,44,68,24,44,27,2.799
78183977550♠,711,872,56,40,20,,147,11,211,545,70,52,70,25,49,31,2.969
78184070575♠,767,954,62,42,21,,173,11,224,607,77,58,73,26,54,38,3.254
78184163600♠,802,1.049,74,54,21,,187,13,248,663,87,71,94,26,55,45,3.569
78184256625♠,872,1.137,84,60,22,,197,13,274,726,92,76,95,28,59,49,3.868
78184349650♠,919,1.198,91,62,24,,212,14,281,791,99,86,103,29,61,50,4.110
78184442675♠,968,1.256,92,66,25,,230,15,288,814,106,91,107,30,62,53,4.294
78184535700♠,982,1.286,94,66,25,,240,15,291,857,107,91,109,30,67,53,4.404
78184628725♠,1.031,1.336,97,67,25,,251,15,306,896,116,93,117,32,70,55,4.598
78184721750♠,1.063,1.424,105,74,26,,265,15,328,964,122,97,122,33,79,71,4.879
78184814775♠,1.113,1.476,105,84,27,,286,15,340,999,131,99,127,34,84,61,5.094
78184907800♠,1.153,1.525,112,90,27,,296,16,364,1.052,136,105,135,35,88,65,5.321
78185000825♠,1.189,1.566,113,97,27,,305,16,377,1.084,138,107,141,35,95,71,5.500
78185093850♠,1.237,1.596,123,100,27,,315,16,384,1.096,147,107,147,36,96,73,5.640
78185186875♠,1.249,1.621,125,100,27,,320,16,391,1.131,152,121,147,36,98,74,5.750
78185279900♠,1.269,1.681,127,106,27,,333,17,394,1.171,157,123,148,39,101,78,5.913
78185372925♠,1.299,1.754,137,109,29,,346,17,406,1.200,161,129,153,39,103,80,6.115
78185465950♠,1.353,1.799,147,113,29,,353,17,416,1.219,166,131,156,43,106,85,6.288
78185745025♠,1.385,1.850,149,120,30,,360,18,429,1.261,172,135,162,44,110,93,6.481
78185838050♠,1.402,1.885,152,122,30,,364,18,451,1.268,173,135,163,44,112,93,6.575
78185931075♠,1.412,1.910,154,122,30,,370,18,453,1.287,176,138,165,44,113,93,6.649
78186024100♠,1.421,1.926,154,122,30,,372,18,456,1.290,177,139,167,45,113,96,6.692
78186117125♠,1.452,1.949,154,123,31,,381,19,463,1.332,182,139,171,46,118,99,6.831
78186210150♠,1.481,2.001,159,127,31,,386,19,470,1.358,187,141,177,46,119,104,6.996
78186303175♠,1.497,2.050,162,129,32,,396,19,478,1.372,189,143,181,48,120,109,7.119
78186396200♠,1.515,2.114,163,131,32,,403,19,493,1.397,192,140,184,48,122,112,7.266
78186489225♠,1.534,2.147,164,133,32,,408,19,496,1.424,195,142,186,48,122,115,7.369
78186582250♠,1.542,2.153,165,134,32,,411,19,498,1.425,195,142,187,48,123,117,7.395
78186675275♠,1.545,2.155,165,134,34,,412,19,498,1.437,195,142,187,48,124,118,7.417
78186768300♠,1.568,2.182,165,136,35,,415,20,507,1.456,206,144,190,50,125,118,7.533
78186861325♠,1.594,2.209,170,137,36,,419,20,508,1.473,207,144,191,52,125,126,7.634
78186954350♠,1.608,2.229,173,138,37,,423,20,524,1.483,212,145,195,52,125,131,7.723
78187047375♠,1.628,2.260,177,148,37,,429,20,534,1.493,213,147,195,54,126,135,7.824
78187140400♠,1.644,2.273,181,149,37,,432,20,535,1.500,216,149,197,54,126,137,7.881
78187233425♠,1.648,2.283,182,149,37,,435,20,544,1.505,216,149,196,54,126,138,7.914
78187326450♠,1.652,2.287,180,149,38,,439,20,545,1.512,217,149,196,54,126,139,7.935
78187419475♠,1.653,2.314,182,150,38,,442,20,548,1.525,222,154,198,54,128,147,8.007
78187512500♠,1.672,2.339,186,151,38,,446,20,557,1.537,222,154,198,54,131,149,8.090
78187605525♠,1.680,2.348,186,151,39,,451,20,566,1.546,224,157,201,54,134,151,8.147
78187698550♠,"1.680,(2n)",2.358,190,152,39,,457,20,568,1.547,224,157,203,54,134,151,8.174
78187791575♠,1.692,2.367,190,154,41,,458,20,571,1.555,226,157,204,54,136,151,8.216
78187884600♠,1.697,2.377,191,154,41,,460,20,572,1.563,227,157,204,54,137,152,8.247
78187977625♠,1.698,2.382,191,154,41,,460,20,572,1.565,228,157,205,54,137,152,8.257
78188070650♠,1.707,2.401,191,154,42,,462,20,574,1.571,228,158,207,54,139,153,8.302
78188163675♠,1.724,2.404,193,154,42,,466,20,578,1.577,229,160,208,55,140,157,8.349
78188256700♠,1.724,2.438,195,155,41,,471,20,583,1.582,230,161,210,55,143,158,8.411
78188349725♠,1.743,2.441,196,155,41,,476,20,585,1.588,230,162,209,55,144,159,8.450
78188442750♠,1.748,2.450,197,155,42,,476,20,593,1.595,230,163,213,55,145,161,8.489
78188535775♠,"1.748,(2r)",2.450,198,155,"42,(2s)",,477,20,593,1.597,230,163,213,55,145,162,8.500
78188721825♠,1.752,2.451,198,155,"42,(2s)",,480,20,593,1.598,230,163,214,55,145,162,8.511
78188814850♠,1.758,2.456,198,155,42,,480,20,594,1.599,230,163,"211,(2t)",55,145,163,8.522
78188907875♠,1.760,2.466,198,156,43,,480,20,596,1.607,230,163,212,55,146,166,8.551
78189000900♠,1.761,2.479,200,156,44,,482,20,601,1.611,230,164,212,55,146,167,8.581
78189093925♠,1.778,2.481,200,156,44,,482,20,604,1.617,230,166,212,55,146,169,8.613
,,,,,,,,,,,,,,,,,
